short_name	item	original	question_type	options	options_short	required	contingent	any_free_text	other_free_text	original_answer	notes
consent	1	I certify that the nature and purpose, the potential benefits and possible risks associated with participation in this research study have been explained to the above individual and that any questions about this information have been answered. This electronic consent stands in place of my signature.	multiple choice	I am over the age of 18 and I consent to participate		True	False	False	False		This question was required for all participants
first_media	2	1. What was your first exposure to Newsies?	multiple choice	The 1992 movie @ The 1992 movie soundtrack @ The musical (Broadway or Tour) @ The original Broadway cast soundtrack @ The Newsies Live movie @ Fandom @ Historical Strike @ Promotional Videos		False	False	True	True		"First exposure based on the promotional video series (AKB or Playbill) were put in a ""promotional videos"" category @ The 1992 sound track was added, based on people listing to Broadway Kids (released pre 2011), citing the soundtrack explicitly, or doing a medley pre 2011 @ Anything idetifying fandom first was classified as ""fandom"" @ We added a ""historical strike"" group @ Local, regional, high school, or bootlegs were all grouped into ""muscical"" as the first exposure)"
first_period	3	2. When (approximately) did you first become interested in or see Newsies?	multiple choice	1992 - 1995 @ 1996 - 1999 @ 2000 - 2003 @ 2004 - 2007 @ 2008 - 2010 @ 2011 - 2014 @ 2015 - 2016 @ 2017 - 2019 @ 2020 -	1992-1995 @ 1996-1999 @ 2000-2003 @ 2004-2007 @ 2008-2010 @ 2011-2014 @ 2015-2016 @ 2017-2019 @ 2020-	False	False	False	False		
all_media_seen_[newsies_1992]	4.01	3. How many of the following have you seen? (Select all that apply)	checklist					False	False	Newsies 1992	
all_media_seen_[newsies_live]	4.02	3. How many of the following have you seen? (Select all that apply)	checklist					False	False	Newsies Live	
all_media_seen_[theater]	4.03	3. How many of the following have you seen? (Select all that apply)	checklist					False	False	Newsies Musical (Papermill, Broadway, Tour, or Regional Theater)	
all_media_seen_[blood_drips]	4.04	3. How many of the following have you seen? (Select all that apply)	checklist					False	False	Blood Drips on Newsies Square	
performance_seen_[no_unaware]	5.01	4. Have you seen a live performance of Newsies (the musical)? (Select all that apply)	checklist			0.0		False	False	No, I didn’t know about it soon enough	
performance_seen_[no_uninterested]	5.02	4. Have you seen a live performance of Newsies (the musical)? (Select all that apply)	checklist			0.0		False	False	No, I wasn’t interested at the time	
performance_seen_[no_impractical]	5.03	4. Have you seen a live performance of Newsies (the musical)? (Select all that apply)	checklist			0.0		False	False	No, but I would love to have the opportunity	
performance_seen_[would_love_to_now]	5.04	4. Have you seen a live performance of Newsies (the musical)? (Select all that apply)	checklist			0.0		False	False	No, it was not practical (too far away or too expensive)	
performance_seen_[yes_previews]	5.05	4. Have you seen a live performance of Newsies (the musical)? (Select all that apply)	checklist			0.0		False	False	Yes, in previews	
performance_seen_[yes_broadway]	5.06	4. Have you seen a live performance of Newsies (the musical)? (Select all that apply)	checklist			0.0		False	False	Yes, on Broadway	
performance_seen_[yes_tour]	5.07	4. Have you seen a live performance of Newsies (the musical)? (Select all that apply)	checklist			0.0		False	False	Yes, on tour	
performance_seen_[yes_local_theater]	5.08	4. Have you seen a live performance of Newsies (the musical)? (Select all that apply)	checklist			0.0		False	False	Yes, local theater	
performance_seen_[yes_high_school]	5.09	4. Have you seen a live performance of Newsies (the musical)? (Select all that apply)	checklist			0.0		False	False	Yes, local high school	
movie1992_seen_[yes_1992_theater]	6.01	5. Have you seen a screening of Newsies (1992)? (Select all that apply)	checklist			0.0		False	False	Yes, I saw it in 1992	
movie1992_seen_[yes_el_capitan]	6.02	5. Have you seen a screening of Newsies (1992)? (Select all that apply)	checklist			0.0		False	False	Yes, I saw the 2015 El Capitan Screening	
movie1992_seen_[yes_school]	6.03	5. Have you seen a screening of Newsies (1992)? (Select all that apply)	checklist			0.0		False	False	Yes, I saw it as part of a high school or university course	
movie1992_seen_[yes_other]	6.04	5. Have you seen a screening of Newsies (1992)? (Select all that apply)	checklist			0.0		False	False	Yes, I saw another screening	
movie1992_seen_[no_unaware]	6.05	5. Have you seen a screening of Newsies (1992)? (Select all that apply)	checklist			0.0		False	False	No, I didn't know there were screenings	
movie1992_seen_[no_uninterested]	6.06	5. Have you seen a screening of Newsies (1992)? (Select all that apply)	checklist			0.0		False	False	No, it was not of interest to me	
movie1992_seen_[no_impractical]	6.07	5. Have you seen a screening of Newsies (1992)? (Select all that apply)	checklist			0.0		False	False	No, it was not practical (too far away or too expensive)	
movie1992_seen_[would_love_to_now]	6.08	5. Have you seen a screening of Newsies (1992)? (Select all that apply)	checklist			0.0		False	False	No, I didn’t know there were screenings	
newsies_live_seen_[yes_movie_theater]	7.01	6. Have you seen a screening of Newsies Live (i.e. not Netflix or Disney Plus)? (Select all that apply)	checklist			0.0		False	False	Yes, I saw it in a movie theater	
newsies_live_seen_[yes_school]	7.02	6. Have you seen a screening of Newsies Live (i.e. not Netflix or Disney Plus)? (Select all that apply)	checklist			0.0		False	False	Yes, I saw it as part of a high school or university course	
newsies_live_seen_[yes_other]	7.03	6. Have you seen a screening of Newsies Live (i.e. not Netflix or Disney Plus)? (Select all that apply)	checklist			0.0		False	False	Yes, I saw another screening	
newsies_live_seen_[no_unaware]	7.04	6. Have you seen a screening of Newsies Live (i.e. not Netflix or Disney Plus)? (Select all that apply)	checklist			0.0		False	False	No, I didn’t know there were screenings	
newsies_live_seen_[no_uninterested]	7.05	6. Have you seen a screening of Newsies Live (i.e. not Netflix or Disney Plus)? (Select all that apply)	checklist			0.0		False	False	No, it was not of interest to me	
newsies_live_seen_[no_impractical]	7.06	6. Have you seen a screening of Newsies Live (i.e. not Netflix or Disney Plus)? (Select all that apply)	checklist			0.0		False	False	No, it was not practical (too far away or too expensive)	
newsies_live_seen_[would_love_to_now]	7.07	6. Have you seen a screening of Newsies Live (i.e. not Netflix or Disney Plus)? (Select all that apply)	checklist			0.0		False	False	I was not interested at the time but would be now	
engage_oppertunity_[broadway_revival]	8.01	7. If offered the opportunity (i.e., if money, distance, and/or public health were not a concern), which would you like to attend? Select all that apply.	checklist			0.0		False	False	Attend a Broadway revival of Newsies	
engage_oppertunity_[tour]	8.02	7. If offered the opportunity (i.e., if money, distance, and/or public health were not a concern), which would you like to attend? Select all that apply.	checklist			0.0		False	False	See a touring company of Newsies	
engage_oppertunity_[local_theater]	8.03	7. If offered the opportunity (i.e., if money, distance, and/or public health were not a concern), which would you like to attend? Select all that apply.	checklist			0.0		False	False	See a local theater production of Newsies	
engage_oppertunity_[screening_live]	8.04	7. If offered the opportunity (i.e., if money, distance, and/or public health were not a concern), which would you like to attend? Select all that apply.	checklist			0.0		False	False	Attend a screening of Newsies Live! in a movie Theater	
engage_oppertunity_[screening_1992]	8.05	7. If offered the opportunity (i.e., if money, distance, and/or public health were not a concern), which would you like to attend? Select all that apply.	checklist			0.0		False	False	Attend a screening of Newsies (1992) in a movie theater	
engage_oppertunity_[online_1992]	8.06	7. If offered the opportunity (i.e., if money, distance, and/or public health were not a concern), which would you like to attend? Select all that apply.	checklist			0.0		False	False	Join an online screening event for Newsies Live!	
engage_real_life_[broadway_revival]	9.01	8. With current real life limitations (i.e., time, money, distance), which would you be able to attend? Select all that apply	checklist			0.0		False	False	Attend a Broadway revival of Newsies	
engage_real_life_[tour]	9.02	8. With current real life limitations (i.e., time, money, distance), which would you be able to attend? Select all that apply	checklist			0.0		False	False	See a touring company of Newsies	
engage_real_life_[local_theater]	9.03	8. With current real life limitations (i.e., time, money, distance), which would you be able to attend? Select all that apply	checklist			0.0		False	False	See a local theater production of Newsies	
engage_real_life_[screening_live]	9.04	8. With current real life limitations (i.e., time, money, distance), which would you be able to attend? Select all that apply	checklist			0.0		False	False	Attend a screening of Newsies Live! in a movie Theater	
engage_real_life_[screening_1992]	9.05	8. With current real life limitations (i.e., time, money, distance), which would you be able to attend? Select all that apply	checklist			0.0		False	False	Attend a screening of Newsies (1992) in a movie Theater	
engage_real_life_[online_1992]	9.06	8. With current real life limitations (i.e., time, money, distance), which would you be able to attend? Select all that apply	checklist			0.0		False	False	Joining an online screening event of Newsies (1992)	
engage_real_life_[online_live]	9.07	8. With current real life limitations (i.e., time, money, distance), which would you be able to attend? Select all that apply	checklist			0.0		False	False	Join an online screening event for Newsies Live! (i.e. through Playbill)	
actors_live_shows_list	10	9b. If yes, which actors/shows?	free text			False	True	True	False		
actors_live_shows_bool_[yes_unintentional]	11.01	9. Have you gone to see actors from Newsies perform in other live shows or venues? (Select all that apply)	checklist			0.0		False	False	Yes, intentionally	
actors_live_shows_bool_[yes_intentional]	11.02	9. Have you gone to see actors from Newsies perform in other live shows or venues? (Select all that apply)	checklist			0.0		False	False	Yes, unintentionally	
actors_live_shows_bool_[no_unaware]	11.03	9. Have you gone to see actors from Newsies perform in other live shows or venues? (Select all that apply)	checklist			0.0		False	False	No, I didn’t know that happened	
actors_live_shows_bool_[no_uninterested]	11.04	9. Have you gone to see actors from Newsies perform in other live shows or venues? (Select all that apply)	checklist			0.0		False	False	No, I am not interested	
actors_live_shows_bool_[no_impractical]	11.05	9. Have you gone to see actors from Newsies perform in other live shows or venues? (Select all that apply)	checklist			0.0		False	False	No, it is not possible for me to attend such shows (too far away, too much money, etc)	
actors_engage_fandom_bool	12	10. Have you followed Newsies actors’ careers and become involved in other fandoms because of those actors? (This can be through social media, fan conventions, or other means).	multiple choice	Yes @ No @ I didn’t know this was a thing, but I might try it now	yes @ no @ unaware	False	False	False	False		
actors_engage_fandom_list	13	10b. If yes, which actors/shows?	free text			False	True	True	False		
fanish_content_consumed_[no_uninterested]	14.01	11. Do you or have you consumed any fannish content associated with Newsies (e.g. fan-made gifs, fan art, fan fiction, role playing, cosplaying, etc)? (Select all that apply.)	checklist			0.0		True	True	No, I am not interested	
fanish_content_consumed_[no_unaware]	14.02	11. Do you or have you consumed any fannish content associated with Newsies (e.g. fan-made gifs, fan art, fan fiction, role playing, cosplaying, etc)? (Select all that apply.)	checklist			0.0		True	True	No, I didn’t know it existed	
fanish_content_consumed_[no_but_might]	14.03	11. Do you or have you consumed any fannish content associated with Newsies (e.g. fan-made gifs, fan art, fan fiction, role playing, cosplaying, etc)? (Select all that apply.)	checklist			0.0		True	True	No, but I might now	
fanish_content_consumed_[yes_fan_art]	14.04	11. Do you or have you consumed any fannish content associated with Newsies (e.g. fan-made gifs, fan art, fan fiction, role playing, cosplaying, etc)? (Select all that apply.)	checklist			0.0		True	True	Yes, I have looked at gifs or fan art	
fanish_content_consumed_[yes_cosplay]	14.05	11. Do you or have you consumed any fannish content associated with Newsies (e.g. fan-made gifs, fan art, fan fiction, role playing, cosplaying, etc)? (Select all that apply.)	checklist			0.0		True	True	Yes, I have looked at roleplays or cosplays	
fanish_content_consumed_[yes_fan_fic]	14.06	11. Do you or have you consumed any fannish content associated with Newsies (e.g. fan-made gifs, fan art, fan fiction, role playing, cosplaying, etc)? (Select all that apply.)	checklist			0.0		True	True	Yes, I have read fan fiction	
fanish_content_consumed_[yes_meta]	14.07	11. Do you or have you consumed any fannish content associated with Newsies (e.g. fan-made gifs, fan art, fan fiction, role playing, cosplaying, etc)? (Select all that apply.)	checklist			0.0		True	True	Yes, I have read fan historical blogs/posts, sites or metas	
fanish_content_consumed_[yes_videos]	14.08	11. Do you or have you consumed any fannish content associated with Newsies (e.g. fan-made gifs, fan art, fan fiction, role playing, cosplaying, etc)? (Select all that apply.)	checklist			0.0		True	True	Yes, I have watched fan videos	Added a new category for consuming videos (`[yes_videos]`)
fannish_content_produced_[no_uninterested]	15.01	12. Do you produce any fannish content associated with Newsies? (Select all that apply)	checklist			0.0		True	True	No, I am not interested	
fannish_content_produced_[no_unaware]	15.02	12. Do you produce any fannish content associated with Newsies? (Select all that apply)	checklist			0.0		True	True	No, I didn’t know it existed	
fannish_content_produced_[yes_moderator]	15.03	12. Do you produce any fannish content associated with Newsies? (Select all that apply)	checklist			0.0		True	True	Yes, I am an online moderator	Added online moderation for activities like running a blog, and administering a server or forum (`[yes_moderator]`)
fannish_content_produced_[yes_choreography]	15.04	12. Do you produce any fannish content associated with Newsies? (Select all that apply)	checklist			0.0		True	True	Yes, I have choreographed routines	Added choreography for activites like arranging music or choreographing dance routines (`[yes_choreography]`)
fannish_content_produced_[yes_cosplay]	15.05	12. Do you produce any fannish content associated with Newsies? (Select all that apply)	checklist			0.0		True	True	Yes, I have cosplayed	
fannish_content_produced_[yes_roleplay]	15.06	12. Do you produce any fannish content associated with Newsies? (Select all that apply)	checklist			0.0		True	True	Yes, I have engaged in roleplaying	Added the creation of fan videos (`fannish_content_produced_[yes_fan_video]`)
fannish_content_produced_[yes_fan_art]	15.07	12. Do you produce any fannish content associated with Newsies? (Select all that apply)	checklist			0.0		True	True	Yes, I have made fan art	
fannish_content_produced_[yes_fan_video]	15.08	12. Do you produce any fannish content associated with Newsies? (Select all that apply)	checklist			0.0		True	True	Yes, I have made fan videos	
fannish_content_produced_[yes_gifs]	15.09	12. Do you produce any fannish content associated with Newsies? (Select all that apply)	checklist			0.0		True	True	Yes, I have made gifs of the movie or stage show	
fannish_content_produced_[yes_online_group]	15.10	12. Do you produce any fannish content associated with Newsies? (Select all that apply)	checklist			0.0		True	True	Yes, I have participated in a private messaging group or several related to my interest in the fandom (i.e. Discord, Slack, etc.)	
fannish_content_produced_[yes_aca_fan]	15.11	12. Do you produce any fannish content associated with Newsies? (Select all that apply)	checklist			0.0		True	True	Yes, I have produced aca-fan content	
fannish_content_produced_[yes_meta]	15.12	12. Do you produce any fannish content associated with Newsies? (Select all that apply)	checklist			0.0		True	True	Yes, I have witten metas or done historical research	
fannish_content_produced_[yes_fan_fic]	15.13	12. Do you produce any fannish content associated with Newsies? (Select all that apply)	checklist			0.0		True	True	Yes, I have written fan fiction	
fannish_content_produced_[yes_pod]	15.14	12. Do you produce any fannish content associated with Newsies? (Select all that apply)	checklist			0.0		True	True	Yes, I produce audio content (podfic, podcast, etc)	Added the creation of audio content like podfics and podcasts (`fannish_content_produced_[yes_pod]`
fannish_content_produced_[yes_private]	15.15	12. Do you produce any fannish content associated with Newsies? (Select all that apply)	checklist			0.0		True	True	Yes, I wrote fics that I did not share	Added the creation of content which was produced but not shared, for example, fan fiction that was written but not posted, or fan fiction which is in progress but has not been posted yet). (`[yes_private]`)
fannish_platforms_[amino]	16.01	13. What are your preferred platforms for engagement in the Newsies fandom? (Select all that apply)	checklist			0.0		True	True	Amino	Added Amino based on free text (`[amino]`)
fannish_platforms_[ao3]	16.02	13. What are your preferred platforms for engagement in the Newsies fandom? (Select all that apply)	checklist			0.0		True	True	Archive of Our Own	"Removed non-answers or non-categorizable answers (""I didnt know there was a fandom"", ""I dont particiapte online"" etc)"
fannish_platforms_[deviant_art]	16.03	13. What are your preferred platforms for engagement in the Newsies fandom? (Select all that apply)	checklist			0.0		True	True	Deviant Art	
fannish_platforms_[discord_slack]	16.04	13. What are your preferred platforms for engagement in the Newsies fandom? (Select all that apply)	checklist			0.0		True	True	Discord or Slack Group	
fannish_platforms_[dreamwidth]	16.05	13. What are your preferred platforms for engagement in the Newsies fandom? (Select all that apply)	checklist			0.0		True	True	Dreamwidth	
fannish_platforms_[ff_net]	16.06	13. What are your preferred platforms for engagement in the Newsies fandom? (Select all that apply)	checklist			0.0		True	True	Fanfiction.net	
fannish_platforms_[instagram]	16.07	13. What are your preferred platforms for engagement in the Newsies fandom? (Select all that apply)	checklist			0.0		True	True	Instagram	
fannish_platforms_[live_journal]	16.08	13. What are your preferred platforms for engagement in the Newsies fandom? (Select all that apply)	checklist			0.0		True	True	Live Journal	
fannish_platforms_[pintrest]	16.09	13. What are your preferred platforms for engagement in the Newsies fandom? (Select all that apply)	checklist			0.0		True	True	Pinterest	Added Pintrest based on free text (`[pintrest]`)
fannish_platforms_[private_message]	16.10	13. What are your preferred platforms for engagement in the Newsies fandom? (Select all that apply)	checklist			0.0		True	True	Private Listserv	
fannish_platforms_[tiktok]	16.11	13. What are your preferred platforms for engagement in the Newsies fandom? (Select all that apply)	checklist			0.0		True	True	TikTok	Added Tiktok based on free text (`[tiktok]`)
fannish_platforms_[tumblr]	16.12	13. What are your preferred platforms for engagement in the Newsies fandom? (Select all that apply)	checklist			0.0		True	True	Tumblr	
fannish_platforms_[twitter]	16.13	13. What are your preferred platforms for engagement in the Newsies fandom? (Select all that apply)	checklist			0.0		True	True	Twitter	
fannish_platforms_[wattpad]	16.14	13. What are your preferred platforms for engagement in the Newsies fandom? (Select all that apply)	checklist			0.0		True	True	Wattpad	
fannish_platforms_[message_board]	16.15	13. What are your preferred platforms for engagement in the Newsies fandom? (Select all that apply)	checklist			0.0		True	True	Yahoo Groups or message board	Remapped Geocities as Yahoo groups (this was an old name for the platform
fannish_platforms_[youtube]	16.16	13. What are your preferred platforms for engagement in the Newsies fandom? (Select all that apply)	checklist			0.0		True	True	YouTube	Added YouTube based on free text (`[youtube]`)
period_active_tidy	17	22. During what years were you active in Newsies fandom? (Please write YYYY to YYYY; please write YYYY to Present if you are currently active)	derived			False	False	True	False		"Free text from the `period_active` field was standardized into a machine readable-format. @ Distinct periods of activity were seperated with a semi-colon (;) (i.e the entry 1992-1995;2002-2005 indivates the individul was active both between 1992 and 1995 and between 2002 and 2005, but not between 1995 and 2002.) @ Duration is described using a consistent format for multi-year periods: YYYY-YYYY @ Single year formats are left as a single number: YYYY @ Times indicating ""present"" for fandom participation was simplified to 2021, since this was the end of the survery period. @ Any description indicating uncertainty has been removed (i.e. 2012ish becomes 2012) @ If users specified a period of particular activity, this has been used as the primary period @ Notes about ""sleeper fandom"" and ""on hiatus"" have been removed"
favorite_character_rank_[jack]	18.01	14. Who are your favorite Newsies characters? Please rank your top 5, with your first choice being your most favorite.	ranked	1 @ 2 @ 3 @ 4 @ 5 @ 7		False	False			Jack Kelly	A value of 7 was added if the respondent did not select the character. Any participant with all missing vlaues did not answer the question.
favorite_character_rank_[racetrack]	18.02	14. Who are your favorite Newsies characters? Please rank your top 5, with your first choice being your most favorite.	ranked	1 @ 2 @ 3 @ 4 @ 5 @ 7		False	False			Racetrack Higgins	
favorite_character_rank_[david]	18.03	14. Who are your favorite Newsies characters? Please rank your top 5, with your first choice being your most favorite.	ranked	1 @ 2 @ 3 @ 4 @ 5 @ 7		False	False			David Jacobs	
favorite_character_rank_[sarah]	18.04	14. Who are your favorite Newsies characters? Please rank your top 5, with your first choice being your most favorite.	ranked	1 @ 2 @ 3 @ 4 @ 5 @ 7		False	False			Sarah Jacobs	
favorite_character_rank_[crutchie]	18.05	14. Who are your favorite Newsies characters? Please rank your top 5, with your first choice being your most favorite.	ranked	1 @ 2 @ 3 @ 4 @ 5 @ 7		False	False			Crutchie | Crutchy	
favorite_character_rank_[spot]	18.06	14. Who are your favorite Newsies characters? Please rank your top 5, with your first choice being your most favorite.	ranked	1 @ 2 @ 3 @ 4 @ 5 @ 7		False	False			Spot Conlon	
favorite_character_rank_[katherine]	18.07	14. Who are your favorite Newsies characters? Please rank your top 5, with your first choice being your most favorite.	ranked	1 @ 2 @ 3 @ 4 @ 5 @ 7		False	False			Katherine Plumber Pulitzer	
favorite_character_rank_[albert]	18.08	14. Who are your favorite Newsies characters? Please rank your top 5, with your first choice being your most favorite.	ranked	1 @ 2 @ 3 @ 4 @ 5 @ 7		False	False			Albert	
favorite_character_rank_[specs]	18.09	14. Who are your favorite Newsies characters? Please rank your top 5, with your first choice being your most favorite.	ranked	1 @ 2 @ 3 @ 4 @ 5 @ 7		False	False			Specs	
favorite_character_rank_[romeo]	18.10	14. Who are your favorite Newsies characters? Please rank your top 5, with your first choice being your most favorite.	ranked	1 @ 2 @ 3 @ 4 @ 5 @ 7		False	False			Romeo	
favorite_character_rank_[kid]	18.11	14. Who are your favorite Newsies characters? Please rank your top 5, with your first choice being your most favorite.	ranked	1 @ 2 @ 3 @ 4 @ 5 @ 7		False	False			Kid Blink	
favorite_character_rank_[les]	18.12	14. Who are your favorite Newsies characters? Please rank your top 5, with your first choice being your most favorite.	ranked	1 @ 2 @ 3 @ 4 @ 5 @ 7		False	False			Les Jacobs	
favorite_character_rank_[finch]	18.13	14. Who are your favorite Newsies characters? Please rank your top 5, with your first choice being your most favorite.	ranked	1 @ 2 @ 3 @ 4 @ 5 @ 7		False	False			Finch	
favorite_character_rank_[other]	18.14	14. Who are your favorite Newsies characters? Please rank your top 5, with your first choice being your most favorite.	ranked	1 @ 2 @ 3 @ 4 @ 5 @ 7		False	False			Other	
favorite_character_other_name	19	"14b.  If you would like to tell us why a character is your favorite, please do! If you responded ""Other,"" please tell us which character that was."	derived			False	True	True	False		Information is based on participant free text responses about their other favorite characters or reasons a character is their favorite. @ Names were shortened and standardized (i.e. Medda Larkin -> Medda, Medda Larkson -> Medda, Medda -> Medda) @ Multiple characters are listed with a ;, based on the order provided @ Editorial comments about why these others are favorites has been removed
favorite_characters_desc	19	"14b.  If you would like to tell us why a character is your favorite, please do! If you responded ""Other,"" please tell us which character that was."	free text			False	True	True	False		
favorite_ship_rank_[racetrack_spot]	20.01	14. Who are your favorite Newsies characters? Please rank your top 5, with your first choice being your most favorite.	ranked	1 @ 2 @ 3 @ 4 @ 5 @ 7		False	False			Racetrack Higgins/Spot Conlon	A value of 7 was added if the respondent did not select the character. Any participant with all missing vlaues did not answer the question.
favorite_ship_rank_[david_jack]	20.02	14. Who are your favorite Newsies characters? Please rank your top 5, with your first choice being your most favorite.	ranked	1 @ 2 @ 3 @ 4 @ 5 @ 7		False	False			David Jacobs/Jack Kelly	
favorite_ship_rank_[jack_katherine]	20.03	14. Who are your favorite Newsies characters? Please rank your top 5, with your first choice being your most favorite.	ranked	1 @ 2 @ 3 @ 4 @ 5 @ 7		False	False			Jack Kelly/Katherine Plumber Pulitzer	
favorite_ship_rank_[katherine_sarah]	20.04	14. Who are your favorite Newsies characters? Please rank your top 5, with your first choice being your most favorite.	ranked	1 @ 2 @ 3 @ 4 @ 5 @ 7		False	False			Katherine Plumber Pulitzer/Sarah Jacobs	
favorite_ship_rank_[crutchie_jack]	20.05	14. Who are your favorite Newsies characters? Please rank your top 5, with your first choice being your most favorite.	ranked	1 @ 2 @ 3 @ 4 @ 5 @ 7		False	False			Crutchie | Crutchy /Jack Kelly	
favorite_ship_rank_[kid_mush]	20.06	14. Who are your favorite Newsies characters? Please rank your top 5, with your first choice being your most favorite.	ranked	1 @ 2 @ 3 @ 4 @ 5 @ 7		False	False			Kid Blink/Mush Meyers	
favorite_ship_rank_[albert_racetrack]	20.07	14. Who are your favorite Newsies characters? Please rank your top 5, with your first choice being your most favorite.	ranked	1 @ 2 @ 3 @ 4 @ 5 @ 7		False	False			Albert/Racetrack Higgins	
favorite_ship_rank_[romeo_specs]	20.08	14. Who are your favorite Newsies characters? Please rank your top 5, with your first choice being your most favorite.	ranked	1 @ 2 @ 3 @ 4 @ 5 @ 7		False	False			Romeo/Specs	
favorite_ship_rank_[albert_elmer]	20.09	14. Who are your favorite Newsies characters? Please rank your top 5, with your first choice being your most favorite.	ranked	1 @ 2 @ 3 @ 4 @ 5 @ 7		False	False			Albert/Elmer	
favorite_ship_rank_[albert_finch]	20.10	14. Who are your favorite Newsies characters? Please rank your top 5, with your first choice being your most favorite.	ranked	1 @ 2 @ 3 @ 4 @ 5 @ 7		False	False			Albert/Finch	
favorite_ship_rank_[crutchie_david]	20.11	14. Who are your favorite Newsies characters? Please rank your top 5, with your first choice being your most favorite.	ranked	1 @ 2 @ 3 @ 4 @ 5 @ 7		False	False			Crutchie/David Jacobs	
favorite_ship_rank_[sarah_jack]	20.12	14. Who are your favorite Newsies characters? Please rank your top 5, with your first choice being your most favorite.	ranked	1 @ 2 @ 3 @ 4 @ 5 @ 7		False	False			extracted from descriptions: Sarah Jacobs / Jack Kelly; given the lowest rank for favorite ship	"A new column (`favorite_ship_rank_[sarah_jack]`) was added based on the number of people who selected this as thier favorite ship. In that case, it was assigned the lowest value assigned to the ""other"" category. The survey creators regret the exclusion of this key ship."
favorite_ship_rank_[other]	20.13	14. Who are your favorite Newsies characters? Please rank your top 5, with your first choice being your most favorite.	ranked	1 @ 2 @ 3 @ 4 @ 5 @ 7		False	False			Other	
favorite_ship_desc	21	"15b.  If  you would like to tell us why you ship a particular couple, please do! If you responded ""Other,"" please tell us which relationship that was."	free text			False	True	True	False		
favorite_ships_other_name	21	"15b.  If  you would like to tell us why you ship a particular couple, please do! If you responded ""Other,"" please tell us which relationship that was."	derived			False	True	True	False		"Responses are based on a standardized extraction of data from participant's free text responses @ Names were shortened and standardized (i.e. Kid Blink/Mush Meyers, Blink/Mush and Kid Blink Balitti x Mush were all mapped to ""Kid Blink/Mush Meyers"")Multiple ships were linked with a semi-colon("";"") @ Because Sarah and Jack were pulled out as a stand alone ship, any cell including these was left as blank. This represented all but one cell @ Editorial comments about why these are favorite have been removed"
polyamorous_bool	22	16. Do you ever ship polyamorous relationships?	multiple choice	Yes @ No @ Sometimes		False	False	False	False		
polyamorous_ships_[david_jack_crutchie]	23.01	16b. If so, which ones? (Select all that apply)	checklist			1.0		True	True	David Jacobs/Jack Kelly/Crutchie Morris	
polyamorous_ships_[david_jack_katherine_sarah_angle]	23.02	16b. If so, which ones? (Select all that apply)	checklist			1.0		True	True	David Jacobs/Jack Kelly/Katherine Plumber/Sarah Jacobs (angle)	Added a new polyamorous ship for the relationship between David Jacobs, Jack Kelly, Katherine Pultizer Plumber and Sarah Jacobs (`david_jack_katherine_sarah_angle`)
polyamorous_ships_[david_jack_sarah_angle]	23.03	16b. If so, which ones? (Select all that apply)	checklist			1.0		True	True	David Jacobs/Jack Kelly/Sarah Jacobs (angle)	Added a new polyamorous ship for the relationship between David Jacobs, Jack Kelly, and Sarah Jacobs (`david_jack_sarah_angle`)
polyamorous_ships_[david_spot_jack]	23.04	16b. If so, which ones? (Select all that apply)	checklist			1.0		True	True	David Jacobs/Spot Conlon/Jack Kelly	
polyamorous_ships_[finch_albert_crutchie]	23.05	16b. If so, which ones? (Select all that apply)	checklist			1.0		True	True	Finch/Albert/Crutchie Morris	Added a new polyamorous ship for the relationship between Finch, Albert DaSilva, and Crutchie (Crutchy) Morris (`finch_albert_crutchie`)
polyamorous_ships_[finch_albert_tommy_boy]	23.06	16b. If so, which ones? (Select all that apply)	checklist			1.0		True	True	Finch/Albert/Tommy Boy	
polyamorous_ships_[jack_david_katherine]	23.07	16b. If so, which ones? (Select all that apply)	checklist			1.0		True	True	Jack Kelly/David Jacobs/Katherine Plumber	
polyamorous_ships_[jack_mush_sarah]	23.08	16b. If so, which ones? (Select all that apply)	checklist			1.0		True	True	Jack Kelly/Mush Meyers/Sarah Jacobs	
polyamorous_ships_[racetrack_spot_blink]	23.09	16b. If so, which ones? (Select all that apply)	checklist			1.0		True	True	Racetrack Higgins/Spot Conlon/Kid Blink	Added a new polyamorous ship for the relationship between Racetrack Higgins, Spot Conlon and Kid Blink (`racetrack_spot_blink`)
polyamorous_ships_[sarah_jack_katherine]	23.10	16b. If so, which ones? (Select all that apply)	checklist			1.0		True	True	Sarah Jacobs/Jack Kelly/Katherine Plumber	
polyamorous_ships_[sarah_smalls_katherine]	23.11	16b. If so, which ones? (Select all that apply)	checklist			1.0		True	True	Sarah Jacobs/Smalls/Katherine Plumber	Added a new polyamorous ship for the relationship between Sarah Jacobs, Katherine Plumber Pullitzer, and Samlls  (`sarah_smalls_katherine`)
polyamorous_ships_[spot_racetrack_albert]	23.12	16b. If so, which ones? (Select all that apply)	checklist			1.0		True	True	Spot Conlon/Racetrack Higgins/Albert	
polyamorous_ships_[spot_racetrack_albert_elmer]	23.13	16b. If so, which ones? (Select all that apply)	checklist			1.0		True	True	Spot Conlon/Racetrack Higgins/Albert/Elmer	Added a new polyamorous ship for the relationship between Spot Conlon, Racetrack Higgins, Albert DaSilva, and Elmer (`spot_racetrack_albert_elmer`)
polyamorous_ships_[spot_racetrack_romeo]	23.14	16b. If so, which ones? (Select all that apply)	checklist			1.0		True	True	Spot Conlon/Racetrack Higgins/Romeo	Added a new polyamorous ship for the relationship between Spot Conlon, Racetrack Higgins, and Romeo (`spot_racetrack_romeo`)
polyamorous_ships_[swifty_skittery_bumlets]	23.15	16b. If so, which ones? (Select all that apply)	checklist			1.0		True	True	Swifty/Skittery/Bumlets	Added a new polyamorous ship for the relationship between Swifty, Skittery, and Bumlets (`swifty_skittery_bumlets`)
polyamorous_desc	24	"16c. If  you would like to tell us why you ship a particular polyamorous ship, please do! If you responded ""Other,"" please tell us which relationship that was."	free text			False	False	True	False		
favorite_trope_[angst]	25.01	17. Favorite Tropes (Select all that apply)	checklist			0.0		True	True	Angst	Based on participant responses, we added a angst as a favorite trope (`angst`)
favorite_trope_[au_band]	25.02	17. Favorite Tropes (Select all that apply)	checklist			0.0		True	True	Band AU	Based on participant respones, we added a category for an alternative universe where newsies are a member of a band (`au_band`)
favorite_trope_[cannon_era]	25.03	17. Favorite Tropes (Select all that apply)	checklist			0.0		True	True	Canon era	Based on participant responses, we added a category for fics set in the cannon era. (`cannon_era`)
favorite_trope_[au_coffee_shop]	25.04	17. Favorite Tropes (Select all that apply)	checklist			0.0		True	True	Coffee Shop AU	
favorite_trope_[au_hs_college]	25.05	17. Favorite Tropes (Select all that apply)	checklist			0.0		True	True	College or High School AU	The original survey asked about college AUs; high school AUs were also popular based on participant resposnses. We combined the two into a new composite category (`au_hs_college`),
favorite_trope_[david_lawyer]	25.06	17. Favorite Tropes (Select all that apply)	checklist			0.0		True	True	David as a lawyer	
favorite_trope_[david_journalist]	25.07	17. Favorite Tropes (Select all that apply)	checklist			0.0		True	True	David as journalist	Based on participant responses, we added a category for david as a journalist (`david_journalist`)
favorite_trope_[denton_father]	25.08	17. Favorite Tropes (Select all that apply)	checklist			0.0		True	True	Denton as father figure	Based on participant responses, we added a category for denton acting as a father figure to the newsies (`denton_father`)
favorite_trope_[enemies_to_lovers]	25.09	17. Favorite Tropes (Select all that apply)	checklist			0.0		True	True	Enemies to lovers	"Based on participant responses, we added a category for the ""enemies to lovers"" relationship trope (`enemies_to_lovers`)"
favorite_trope_[au_fantasy]	25.10	17. Favorite Tropes (Select all that apply)	checklist			0.0		True	True	Fairy Tale/Fantasy AU	We added mermaids into fantasy AUs
favorite_trope_[fake_dating]	25.11	17. Favorite Tropes (Select all that apply)	checklist			0.0		True	True	Fake dating	
favorite_trope_[girlsies]	25.12	17. Favorite Tropes (Select all that apply)	checklist			0.0		True	True	Girlsies	Based on participant responses of a favorite trope that there were actually female newsies in canon era (`girlsies`)
favorite_trope_[aged_up]	25.13	17. Favorite Tropes (Select all that apply)	checklist			0.0		True	True	Grown ups	Based on participant responses, we added a category for adult newsies (`aged_up`)
favorite_trope_[hurt_comfort]	25.14	17. Favorite Tropes (Select all that apply)	checklist			0.0		True	True	Hurt/Comfort	
favorite_trope_[jack_artist]	25.15	17. Favorite Tropes (Select all that apply)	checklist			0.0		True	True	Jack as an artist	
favorite_trope_[crutchie_bamf]	25.16	17. Favorite Tropes (Select all that apply)	checklist			0.0		True	True	LetCrutchieSayFuck	"Based on the participant response that their favorite trope was ""LetCrutchieSayFuck"" (`crutchie_bamf`)"
favorite_trope_[medda_mom]	25.17	17. Favorite Tropes (Select all that apply)	checklist			0.0		True	True	Medda as a mom/foster mom	
favorite_trope_[au_modern]	25.18	17. Favorite Tropes (Select all that apply)	checklist			0.0		True	True	Modern AU	
favorite_trope_[race_dancer]	25.19	17. Favorite Tropes (Select all that apply)	checklist			0.0		True	True	Race as a dancer	
favorite_trope_[roommates]	25.20	17. Favorite Tropes (Select all that apply)	checklist			0.0		True	True	Roommates	
favorite_trope_[slowburn]	25.21	17. Favorite Tropes (Select all that apply)	checklist			0.0		True	True	Slowburn	"Based on participant resposnes, we added the ""Slowburn"" trope (`slowburn`)"
favorite_trope_[au_soulmate]	25.22	17. Favorite Tropes (Select all that apply)	checklist			0.0		True	True	Soulmate AU	Based on participant responses, we added a category for Soulmate or Soulmark alternative universe (`au_soulmate`)
favorite_trope_[time_travel]	25.23	17. Favorite Tropes (Select all that apply)	checklist			0.0		True	True	Time Travel	
favorite_trope_[au_wild]	25.24	17. Favorite Tropes (Select all that apply)	checklist			0.0		True	True	Wild AU	"Based on particiapnt responses, we added a category for strange, unique, or ""wild"" alternative universe stories (old west, spy, etc) (`au_wild`)"
favorite_trope_[found_family]	25.25	17. Favorite Tropes (Select all that apply)	checklist			0.0		True	True	found family	Based on participant resposnes, we added a category for characters building a found family (`found_family`)
favorite_trope_desc	26	17b. If you would like to tell us why you love a particular trope, please do!	free text			False	True	True	False		
favorite_adult_rank_[medda]	27.01	18. Who are your favorite adult characters? Please rank your top five, with your first choice being your most favorite.	ranked	1 @ 2 @ 3 @ 4 @ 5 @ 7		False	False			Medda Larkson|Larkin	
favorite_adult_rank_[esther_jacobs]	27.02	18. Who are your favorite adult characters? Please rank your top five, with your first choice being your most favorite.	ranked	1 @ 2 @ 3 @ 4 @ 5 @ 7		False	False			Esther Jacobs	
favorite_adult_rank_[mayer_jacobs]	27.03	18. Who are your favorite adult characters? Please rank your top five, with your first choice being your most favorite.	ranked	1 @ 2 @ 3 @ 4 @ 5 @ 7		False	False			Mayer Jacobs	
favorite_adult_rank_[denton]	27.04	18. Who are your favorite adult characters? Please rank your top five, with your first choice being your most favorite.	ranked	1 @ 2 @ 3 @ 4 @ 5 @ 7		False	False			Bryan Denton	
favorite_adult_rank_[hannah]	27.05	18. Who are your favorite adult characters? Please rank your top five, with your first choice being your most favorite.	ranked	1 @ 2 @ 3 @ 4 @ 5 @ 7		False	False			Hannah	
favorite_adult_rank_[kloppman]	27.06	18. Who are your favorite adult characters? Please rank your top five, with your first choice being your most favorite.	ranked	1 @ 2 @ 3 @ 4 @ 5 @ 7		False	False			Kloppman	
favorite_adult_rank_[pulitzer]	27.07	18. Who are your favorite adult characters? Please rank your top five, with your first choice being your most favorite.	ranked	1 @ 2 @ 3 @ 4 @ 5 @ 7		False	False			Joseph Pulitzer	
favorite_adult_rank_[snyder]	27.08	18. Who are your favorite adult characters? Please rank your top five, with your first choice being your most favorite.	ranked	1 @ 2 @ 3 @ 4 @ 5 @ 7		False	False			Snyder	
favorite_adult_rank_[teddy_rosevelt]	27.09	18. Who are your favorite adult characters? Please rank your top five, with your first choice being your most favorite.	ranked	1 @ 2 @ 3 @ 4 @ 5 @ 7		False	False			Teddy Rosevelt	
favorite_adult_rank_[other]	27.10	18. Who are your favorite adult characters? Please rank your top five, with your first choice being your most favorite.	ranked	1 @ 2 @ 3 @ 4 @ 5 @ 7		False	False			Other	
favorite_adult_other_name	28	"18b. If you would like to tell us why a particular adult character is your favorite, please do! If you responded ""Other,"" please tell us which character that was."	derived			False	True	True	False		
favorite_adult_desc	28	"18b. If you would like to tell us why a particular adult character is your favorite, please do! If you responded ""Other,"" please tell us which character that was."	free text			False	True	True	False		
queer_characters	29	19. Do you see any of the Newsies characters as belonging to the LGBQ+ or T/GNC+ communities?	multiple choice	No @ Yes		False	False	False	False		
queer_characters_list	30	19b. If so, which ones? Please feel free to list characters and how you see their sexual orientation and/or gender expression.	free text			False	True	True	False		
queer_characters_reason	31	19c. If you would like to tell us why you see a particular character as LGBQ+ or T/GNC+, please do!	free text			False	True	True	False		
media_preference	32	20. As a fan, do you prefer the film or the stage version of Newsies?	multiple choice	The film @ The stage production @ I enjoy them both equally @ I have only seen the stage show @ I have only seen the film @ I have not seen either		False	False	False	False		
media_preference_desc	33	20b. If you would like to tell us why, please do!	free text			False	True	True	False		
strike_research_[no_uninterested]	34.01	21. After seeing either version of Newsies, did you do any  research on the historical 1899 strike? (Check all that apply)	checklist			1.0		True	True	No, I wasn’t interested	
strike_research_[no_unaware]	34.02	21. After seeing either version of Newsies, did you do any  research on the historical 1899 strike? (Check all that apply)	checklist			1.0		True	True	No, it didn’t occur to me	
strike_research_[yes_expert_oopsie]	34.03	21. After seeing either version of Newsies, did you do any  research on the historical 1899 strike? (Check all that apply)	checklist			1.0		True	True	Yes, I became a historical expert	Based on participant responses, we added a category for people who became experts about the newsboys strike. Oopsie is a referenced to one of the participant responses. (`yes_expert_oopsie`)
strike_research_[yes_in_school]	34.04	21. After seeing either version of Newsies, did you do any  research on the historical 1899 strike? (Check all that apply)	checklist			1.0		True	True	Yes, I studied the strike in school	Based on participant responses, we added a category for people studied the 1899 newsboys strike in school (`yes_in_school`)
strike_research_[yes_aca_secondary]	34.05	21. After seeing either version of Newsies, did you do any  research on the historical 1899 strike? (Check all that apply)	checklist			1.0		True	True	Yes, through academic secondary sources (books, journal articles, etc.)	
strike_research_[yes_fan]	34.06	21. After seeing either version of Newsies, did you do any  research on the historical 1899 strike? (Check all that apply)	checklist			1.0		True	True	Yes, through fan-made sources (blogs, websites, etc.)	
strike_research_[yes_gen_secondary]	34.07	21. After seeing either version of Newsies, did you do any  research on the historical 1899 strike? (Check all that apply)	checklist			1.0		True	True	Yes, through non-academic secondary sources (children's history books, podcasts, etc.)	
strike_research_[yes_open]	34.08	21. After seeing either version of Newsies, did you do any  research on the historical 1899 strike? (Check all that apply)	checklist			1.0		True	True	Yes, through open source sources (Wikipedia, etc.)	
strike_research_[yes_primary]	34.09	21. After seeing either version of Newsies, did you do any  research on the historical 1899 strike? (Check all that apply)	checklist			1.0		True	True	Yes, through primary sources (newspaper articles, letters, etc.)	
demography_age	35	1. How old are you?	multiple choice	18 - 21 @ 22 - 25 @ 26 - 30 @ 31 - 35 @ 36 - 40 @ 41 - 45 @ 46 - 60		False	False	False	False		
demography_gender	36	2. What is your gender identity?	multiple choice	Female @ Male @ Nonbinary @ Genderqueer		False	False	True	True		"Based on participant free text responses, we added a category indicating the participant was questioning their gender. For example ""IDK"" was mapped to this category @ Based on an IRB requirement to group demographic data, we remapped an individual who described themself as a ""demi-girl"" and ""genderfluid"" to genderqueer"
demography_trans	37	3. Do you identify as trans?	multiple choice	No @ Yes		False	False	False	False		
demography_orientation_[ace_aro_demi]	38.01	4. What is your sexual orientation? (Please select all that apply)	checklist			0.0		True	True	Ace/Aro Spectrum or demisexual	"We combined the existing category, ""Asexual or Aromantic spectrum"" with participant provided responses indciating demisexuality into a single category including asexual, aromatic, and demisexual individuals"
demography_orientation_[bisexual]	38.02	4. What is your sexual orientation? (Please select all that apply)	checklist			0.0		True	True	Bisexual	
demography_orientation_[heterosexual]	38.03	4. What is your sexual orientation? (Please select all that apply)	checklist			0.0		True	True	Heterosexual	We removed non-responses that didn't directly answer the question of sexual orientation
demography_orientation_[homosexual]	38.04	4. What is your sexual orientation? (Please select all that apply)	checklist			0.0		True	True	Homosexual	
demography_orientation_[pansexual_omnisexual]	38.05	4. What is your sexual orientation? (Please select all that apply)	checklist			0.0		True	True	Pansexual or Omnisexual	We combined the existing pansexual category with particiapnt provided omnisexual orientation (`pansexual_omnisexual`)
demography_orientation_[queer]	38.06	4. What is your sexual orientation? (Please select all that apply)	checklist			0.0		True	True	Queer	
demography_orientation_[questioning]	38.07	4. What is your sexual orientation? (Please select all that apply)	checklist			0.0		True	True	Questioning	Based on participant responses, we added a category to indicate the participant was questioning their sexual orientation
demography_country_residence	39	5. What country do you live in? 	multiple choice			False	False	False	False		A list of countries where participants live, but not the number of participants in each country, can be found in the countries_of_residence.txt file
demography_state_residence	40	5b. If you live in the US, what state or territory?	multiple choice			False	True	False	False		A list of participant's states of residence within the US, but not the number of participants, is provided in the states_of_residence.txt file
demography_education_level	41	6. What is your highest level of education?	multiple choice	Have not completed high school @ High School Graduate/GED @ Some college @ Associate's Degree @ Bachelor's Degree @ Master’s degree @ Currently in a professional or graduate program @ PhD or professional degree (MD, JD, etc)		False	False	False	False		
hear_about_survey_[friend]	42.01	8. How did you hear about this survey? (Check all that apply)	checklist			0.0		True	True	A friend recommended it to me	
hear_about_survey_[facebook]	42.02	8. How did you hear about this survey? (Check all that apply)	checklist			0.0		True	True	Facebook	
hear_about_survey_[tumblr]	42.03	8. How did you hear about this survey? (Check all that apply)	checklist			0.0		True	True	Tumblr	"We removed any responses that did address the original question (for example, ""I hope you release your data"")"
hear_about_survey_[twitter]	42.04	8. How did you hear about this survey? (Check all that apply)	checklist			0.0		True	True	Twitter	We normalized responses whcih provided more descriptive information and standardized them back to the original source
